input,motif_id,width,e_value,n_sites,consensus,first_site
region_1_only,ATHGSDTAHTAGCAATRBACA,21,9.6e+000,5,A[TG][ACT][GT][CG][AGT][TAG]A[CTA][TC][AG][GA][CT][AT]A[TAG][AG][GTC]A[CA]A,
region_1_only,ATCCYTATCACCCYT,15,1.2e+004,2,ATCC[CT]TATCACCC[CT]T,
region_1_only,ATCGAGSCTGT,11,1.7e+004,4,[AT][TA]CG[AC]G[CG]C[TG]GT,
region_1_only,TKACATTG,8,2.4e+004,2,T[GT]ACATTG,
region_1_only,AAAWCCTG,8,2.8e+004,2,AAA[AT]CCTG,
region_1_only,TTGCGCAC,8,4.4e+004,2,TTGCGCAC,
region_1_only,CAGCATCG,8,4.4e+004,2,CAGCATCG,
region_1_only,GTCGACGA,8,4.4e+004,2,GTCGACGA,
region_1_only,GACHNGAGCCDTCG,14,4.4e+004,4,GAC[CAT][ACGT]G[AC]GC[CA][TAG][TA]CG,
region_1_only,TGCTTSGACRA,11,4.7e+004,2,TGCTT[CG]GAC[AG]A,
region_2_only,AYTTGTSTATADCVAA,16,2.7e+002,4,[AC][CT][TA]TG[TC][CG][TC]A[TC]A[TAG]C[GAC][AC][AT],
region_2_only,TGGTWGTAC,9,2.9e+003,2,TGGT[AT]GTAC,
region_2_only,GAASGGYTGAC,11,7.5e+003,2,GAA[CG]GG[CT]TGAC,
region_2_only,GCTYCTTW,8,8.7e+003,2,GCT[CT]CTT[AT],
region_2_only,MTGTGCGW,8,1.3e+004,2,[AC]TGTGCG[AT],
region_2_only,TCSSATGC,8,1.5e+004,2,TC[CG][CG]ATGC,
region_2_only,STTASCCR,8,2.5e+004,2,[CG]TTA[CG]CC[AG],
region_2_only,SGCGCYRC,8,5.3e+004,2,[CG]GCGC[CT][AG]C,
region_2_only,SWRGRSKT,8,9.4e+004,2,[CG][AT][AG]G[AG][CG][GT]T,
regions_1_2_combined,WWYABVRKACTAVCAARATACWTCRTHGYVMMYRWRTRCBHSWTTRCATKGSWATTTRYCBWTMWSDHBYHYHHKMRWKYGCRTATYRGYWATRGACAT,99,3.9e-008,3,[AT][AT][TC]A[CGT][ACG][GA][TG]ACTA[ACG]CAA[GA]ATAC[AT]TC[AG]T[ACT]G[CT][ACG][CA][AC][TC][AG][TA][AG]T[GA]C[CGT][ACT][GC][TA]TT[GA]CAT[TG]G[CG][AT]ATTT[AG][TC]C[CGT][AT]T[AC][TA][CG][AGT][ACT][CGT][CT][ACT][CT][ACT][ACT][TG][CA][AG][AT][GT][TC]GC[GA]TAT[TC][GA]G[CT][TA]AT[GA]GACAT,
regions_1_2_combined,GCTGSCAAGRCHVCA,15,5.1e+004,4,GC[TC]G[CG]C[AG]A[GA][AG]C[ACT][CAG]CA,
regions_1_2_combined,TAGCAGCA,8,4.1e+004,2,TAGCAGCA,
regions_1_2_combined,TCACCRAT,8,7.9e+004,2,TCACC[AG]AT,
regions_1_2_combined,AAAWCCTG,8,4.8e+004,2,AAA[AT]CCTG,
regions_1_2_combined,CMTCGAAT,8,7.9e+004,2,C[AC]TCGAAT,
regions_1_2_combined,ATCRGGCATC,10,7.5e+004,2,ATC[AG]GGCATC,
regions_1_2_combined,CAACGRCWTGA,11,8.4e+004,2,CAACG[AG]C[AT]TGA,
regions_1_2_combined,AACCTCGC,8,7.4e+004,2,AACCTCGC,
regions_1_2_combined,GCATCCGA,8,7.4e+004,2,GCATCCGA,
all_5_regions,ATHGSDTAHTAGCAATRBACA,21,9.6e+000,5,A[TG][ACT][GT][CG][AGT][TAG]A[CTA][TC][AG][GA][CT][AT]A[TAG][AG][GTC]A[CA]A,
all_5_regions,ATCCYTATCACCCYT,15,1.2e+004,2,ATCC[CT]TATCACCC[CT]T,
all_5_regions,ATCGAGSCTGT,11,1.7e+004,4,[AT][TA]CG[AC]G[CG]C[TG]GT,
all_5_regions,TKACATTG,8,2.4e+004,2,T[GT]ACATTG,
all_5_regions,AAAWCCTG,8,2.8e+004,2,AAA[AT]CCTG,
all_5_regions,TTGCGCAC,8,4.4e+004,2,TTGCGCAC,
all_5_regions,CAGCATCG,8,4.4e+004,2,CAGCATCG,
all_5_regions,GTCGACGA,8,4.4e+004,2,GTCGACGA,
all_5_regions,GACHNGAGCCDTCG,14,4.4e+004,4,GAC[CAT][ACGT]G[AC]GC[CA][TAG][TA]CG,
all_5_regions,TGCTTSGACRA,11,4.7e+004,2,TGCTT[CG]GAC[AG]A,
