rank,motif_id,sequence_name,matched_sequence,fimo_score,p_value,raw_pwm_score,dG_site,n_H,K_half_nM,fold_max,dynamic_range,transition_width,weak_site_contribution,classification,fit_success,nearest_gene,is_intergenic
1,GTTGTCYWWGYAAYCGCKTWT,NC_000962.3,GTTGTCCAAGCAATCGCGTAT,34.8551,1.1e-11,-15.770311462960107,-31.551811500530377,0.10000000000000753,775351.430297665,35.77462439030459,1.9926589737240485,1.8693467336683414,2.3946935284878657,graded_repressor,True,Rv1964,True
2,TWTKCATTGYTWTYTMCCSW,NC_000962.3,TTTGCATTGCTATTTACCGA,33.2174,3.14e-11,28.13049792090586,12.348997883335592,0.10000000000000492,866264.9877082787,5.312700496875178,1.990092058043422,1.8693467336683414,0.3362929599287907,graded_repressor,True,Rv1964,True
3,GTTAWCKCYYSAAKAATYCC,NC_000962.3,GTTATCGCCCGAATAATCCC,32.6304,4.79e-11,36.129159256838044,20.347659219267776,0.10000000000000493,866265.143017456,5.312700564429403,1.9900920580433765,1.8693467336683414,0.33629295992878866,graded_repressor,True,Rv1962A,False
4,GTTAWCKCYYSAAKAATYCC,NC_000962.3,GTTATCCCCTAAAGAAACCC,15.7536,1.46e-07,35.73153883736444,19.95003879979417,0.10000000000000493,866265.143017456,5.312700564429403,1.9900920580433765,1.8693467336683414,0.33629295992878866,graded_repressor,True,Rv0304c,False
5,TWTKCATTGYTWTYTMCCSW,NC_000962.3,TGTTCATGGTTATCTCCTCA,14.8406,3.02e-07,37.03928970320906,21.25778966563879,0.10000000000000493,866265.143017456,5.312700564429403,1.9900920580433765,1.8693467336683414,0.33629295992878866,graded_repressor,True,Rv0251c,False
6,GTTAWCKCYYSAAKAATYCC,NC_000962.3,GTGAGTTCTCGAAGAATCCC,14.7754,3.39e-07,45.066673440997185,29.285173403426917,0.10000000000000493,866265.143017456,5.312700564429403,1.9900920580433765,1.8693467336683414,0.33629295992878866,graded_repressor,True,Rv2378c,False
7,GTTGTCYWWGYAAYCGCKTWT,NC_000962.3,CTTCTCTTAGAATTCGCTTAT,11.942,3.48e-07,-0.3671728170512676,-16.148672854621537,0.1747023024364909,81.71909508722163,20.32490499748453,5.283906424910338,4.190954773869347,2.393791486360548,graded_repressor,True,Rv0412c,True
8,GTTGTCYWWGYAAYCGCKTWT,NC_000962.3,CTTGTCGAAGTAATAGCTGTT,11.942,3.48e-07,0.030447602422331244,-15.751052435147937,0.22226375395781117,16.31543667783864,17.40356544710216,6.956732545294054,4.040201005025125,2.393083343708849,graded_repressor,True,Rv1393c,False
9,TWTKCATTGYTWTYTMCCSW,NC_000962.3,GATTCATCGCTTTCTCCTGA,13.3333,8.53e-07,37.436910122682654,21.655410085112386,0.10000000000000493,866265.143017456,5.312700564429403,1.9900920580433765,1.8693467336683414,0.33629295992878866,graded_repressor,True,Rv0603,True
10,TWTKCATTGYTWTYTMCCSW,NC_000962.3,GTTGCCTCGTTATTTCCCGA,13.3261,9.21e-07,24.641430676582306,8.859930639012038,0.10000000000000492,866265.159824015,5.312700571717813,1.9900920580565689,1.8693467336683414,0.336292959929392,graded_repressor,True,Rv2476c,False
11,GTTAWCKCYYSAAKAATYCC,NC_000962.3,GCTCACGCTCGAAGAAGCCC,12.7391,9.48e-07,45.83319187808843,30.05169184051816,0.10000000000000493,866265.143017456,5.312700564429403,1.9900920580433765,1.8693467336683414,0.33629295992878866,graded_repressor,True,Rv0642c,False
12,GTTAWCKCYYSAAKAATYCC,NC_000962.3,CTTATCCCACGAACAATTCC,11.1594,9.82e-07,28.499395938523502,12.717895900953234,0.10000000000000492,866265.0551789947,5.312700526203536,1.9900920580434014,1.8693467336683414,0.3362929599287897,graded_repressor,True,Rv0132c,False
13,TWTKCATTGYTWTYTMCCSW,NC_000962.3,ATTTCCTTGCGTTCTCCCGA,12.8043,1.03e-06,37.408187720826696,21.626687683256428,0.10000000000000493,866265.143017456,5.312700564429403,1.9900920580433765,1.8693467336683414,0.33629295992878866,graded_repressor,True,Rv0861c,False
14,GTTAWCKCYYSAAKAATYCC,NC_000962.3,GTTAGTTCGTCAAGAATCGC,10.1812,1.12e-06,40.41346734010879,24.63196730253852,0.10000000000000493,866265.143017456,5.312700564429403,1.9900920580433765,1.8693467336683414,0.33629295992878866,graded_repressor,True,Rv0988,False
15,GTTAWCKCYYSAAKAATYCC,NC_000962.3,GTTGCCGCACTAATAATCCC,10.1087,1.29e-06,28.470673536667547,12.68917349909728,0.10000000000000492,866265.0072848103,5.312700505191172,1.9900920580434025,1.8693467336683414,0.3362929599287897,graded_repressor,True,Rv1671,False
16,TWTKCATTGYTWTYTMCCSW,NC_000962.3,TTTGCATAGGTGTATACCGT,10.1739,1.29e-06,32.3573612004647,16.575861162894434,0.10000000000000493,866265.143017456,5.312700564429403,1.9900920580433765,1.8693467336683414,0.33629295992878866,graded_repressor,True,Rv1780,True
17,GTTGTCYWWGYAAYCGCKTWT,NC_000962.3,GTTGTCTTTGCGACTGCACAT,10.3696,1.54e-06,0.8256884413695289,-14.95581159620074,0.31779089282293915,7.786204322744189,15.224777905610344,10.353778549622533,3.6783919597989954,2.3897843228678655,graded_repressor,True,Rvnr02,False
18,GTTGTCYWWGYAAYCGCKTWT,NC_000962.3,GTTGTCTCAGCCATCGTGGAT,10.3696,1.54e-06,1.2233088608431268,-14.558191176727142,0.3641611483333143,8.185820387543242,14.78140816056908,11.531194702918233,3.4371859296482414,2.3862998588779507,graded_repressor,True,Rv1363c,False
19,GTTGTCYWWGYAAYCGCKTWT,NC_000962.3,GGTGTCCGAGTAATCGGGGTT,10.3696,1.54e-06,1.6209292803167248,-14.160570757253543,0.410679421965757,9.568002113451925,14.510285067666029,12.291564773928457,3.1959798994974875,2.380551411057575,graded_repressor,True,Rv1448c,False
20,GTTGTCYWWGYAAYCGCKTWT,NC_000962.3,GTTGTCCTCGGCACCGCGGAT,10.3043,1.62e-06,1.9898272979343705,-13.791672739635898,0.45546105834057193,11.68156988673892,14.343859510765585,12.715941413989146,2.92462311557789,2.372076935953204,graded_repressor,True,Rv2942,False
