mutation,site,operator_position,wt_base,mut_base,ddG,tier1_kd,tier2_kd,tier3_kd_low,tier3_kd_high,Kd_strong_used,Kd_weak_used,Kd_ratio,mean_protein,cv,persister_fraction,growth_score,is_pareto,erases_asymmetry
G1A,strong_site,102,G,A,3.8579652619412172,1259.7951219512586,54.98643735216004,559.4625222850048,2836.8008330747193,1259.7951219512586,49.0,0.03889521331381676,689.948,0.09104037089487407,0.0,1.379896,False,True
G1C,strong_site,102,G,C,4.255585681414814,2402.40000000007,75.9326016938717,1066.8820192411697,5409.713216561082,2402.40000000007,49.0,0.0203962703962698,803.71,0.08115368879235785,0.0,1.60742,True,True
G1T,strong_site,102,G,T,3.8579652619412172,1259.7951219512586,54.98643735216004,559.4625222850048,2836.8008330747193,1259.7951219512586,49.0,0.03889521331381676,689.898,0.09084899074664834,0.0,1.379796,False,True
G2A,strong_site,103,G,A,-0.39762041947359705,1.2585365853658563,1.737955064113585,0.5589036186663225,2.83396686620843,1.2585365853658563,49.0,38.9341085271317,190.554,0.1815765408651741,0.002,0.381108,False,False
G2C,strong_site,103,G,C,0.0,2.4,2.4,1.065816203038101,5.404308907653273,2.4,49.0,20.416666666666668,196.844,0.19333992477570908,0.006,0.393688,True,False
G2T,strong_site,103,G,T,-4.653206100888383,0.01,0.05493150584631339,0.01,0.01,0.01,49.0,4900.0,191.37,0.1835806636070039,0.004,0.38274,False,False
A3C,strong_site,104,A,C,0.39762041947360416,4.576744186046554,8.727744726879557,2.0324867127703516,10.305891405292385,4.576744186046554,49.0,10.706300813008031,203.864,0.1788563512593506,0.0,0.40772800000000003,False,False
A3G,strong_site,104,A,G,0.39762041947360416,4.576744186046554,8.727744726879557,2.0324867127703516,10.305891405292385,4.576744186046554,49.0,10.706300813008031,204.036,0.17961167366382935,0.002,0.408072,False,False
A3T,strong_site,104,A,T,-4.255585681414786,0.01,0.01,0.01,0.01,0.01,49.0,4900.0,191.532,0.17979412402968087,0.004,0.383064,False,False
C4A,strong_site,105,C,A,-0.39762041947359705,1.2585365853658563,0.6599643069601456,0.5589036186663225,2.83396686620843,1.2585365853658563,49.0,38.9341085271317,191.906,0.18389121370260442,0.002,0.383812,False,False
C4G,strong_site,105,C,G,-4.255585681414786,0.01,0.01,0.01,0.01,0.01,49.0,4900.0,190.486,0.17898164164811445,0.004,0.380972,False,False
C4T,strong_site,105,C,T,-0.39762041947359705,1.2585365853658563,0.6599643069601456,0.5589036186663225,2.83396686620843,1.2585365853658563,49.0,38.9341085271317,191.496,0.18737779940864382,0.002,0.382992,False,False
A5C,strong_site,106,A,C,0.39762041947360416,4.576744186046554,8.727744726879557,2.0324867127703516,10.305891405292385,4.576744186046554,49.0,10.706300813008031,204.702,0.18014170952284922,0.002,0.409404,False,False
A5G,strong_site,106,A,G,0.39762041947360416,4.576744186046554,8.727744726879557,2.0324867127703516,10.305891405292385,4.576744186046554,49.0,10.706300813008031,205.038,0.1792530981834906,0.002,0.410076,False,False
A5T,strong_site,106,A,T,-4.255585681414786,0.01,0.01,0.01,0.01,0.01,49.0,4900.0,190.7,0.18127579326485568,0.004,0.38139999999999996,False,False
T6A,strong_site,107,T,A,0.0,2.4,2.4,1.065816203038101,5.404308907653273,2.4,49.0,20.416666666666668,195.394,0.18518136725442905,0.002,0.390788,False,False
T6C,strong_site,107,T,C,-3.857965261941189,0.01,0.01,0.01,0.010295595809482957,0.01,49.0,4900.0,190.5,0.17948797344856085,0.002,0.381,False,False
T6G,strong_site,107,T,G,0.39762041947360416,4.576744186046554,8.727744726879557,2.0324867127703516,10.305891405292385,4.576744186046554,49.0,10.706300813008031,204.354,0.17987150017266101,0.002,0.408708,False,False
C7A,strong_site,108,C,A,3.4316224406116618,630.5268292683088,38.900699097110596,280.01071295183425,1419.8173999704563,630.5268292683088,49.0,0.07771279147131893,573.366,0.098487473784013,0.0,1.1467319999999999,False,True
C7G,strong_site,108,C,G,3.829242860085259,1202.4000000000285,53.71927028543918,533.9739177221015,2707.558762734353,1202.4000000000285,49.0,0.0407518296739844,685.508,0.09132800463837604,0.0,1.371016,False,True
C7T,strong_site,108,C,T,-0.39762041947359705,1.2585365853658563,1.737955064113585,0.5589036186663225,2.83396686620843,1.2585365853658563,49.0,38.9341085271317,192.216,0.19010806077632092,0.002,0.384432,False,False
A8C,strong_site,109,A,C,4.226863279558856,2292.9488372093524,74.1827285107689,1018.2758430979582,5163.251594051548,2292.9488372093524,49.0,0.02136986190221137,791.824,0.07742847949002188,0.0,1.583648,False,True
A8G,strong_site,109,A,G,4.226863279558856,2292.9488372093524,74.1827285107689,1018.2758430979582,5163.251594051548,2292.9488372093524,49.0,0.02136986190221137,791.272,0.07748225683451404,0.0,1.5825440000000002,False,True
A8T,strong_site,109,A,T,0.0,2.4,2.4,1.065816203038101,5.404308907653273,2.4,49.0,20.416666666666668,196.284,0.18369898227390621,0.002,0.392568,False,False
G9A,strong_site,110,G,A,-4.226863279558835,0.01,0.01,0.01,0.01,0.01,49.0,4900.0,189.86,0.18118269441137136,0.002,0.37972,False,False
G9C,strong_site,110,G,C,0.0,2.4,2.4,1.065816203038101,5.404308907653273,2.4,49.0,20.416666666666668,196.054,0.18333297028647255,0.002,0.392108,False,False
G9T,strong_site,110,G,T,-4.226863279558835,0.01,0.01,0.01,0.01,0.01,49.0,4900.0,189.57,0.18194298358358324,0.002,0.37914,False,False
C10A,strong_site,111,C,A,-0.39762041947359705,1.2585365853658563,0.6599643069601456,0.5589036186663225,2.83396686620843,1.2585365853658563,49.0,38.9341085271317,191.652,0.19012947658089918,0.004,0.383304,False,False
C10G,strong_site,111,C,G,-4.255585681414786,0.01,0.01,0.01,0.01,0.01,49.0,4900.0,189.988,0.1838690543162071,0.002,0.379976,False,False
C10T,strong_site,111,C,T,-0.39762041947359705,1.2585365853658563,0.6599643069601456,0.5589036186663225,2.83396686620843,1.2585365853658563,49.0,38.9341085271317,191.462,0.19279034209666213,0.004,0.382924,False,False
G11A,strong_site,112,G,A,-0.39762041947359705,1.2585365853658563,0.6599643069601456,0.5589036186663225,2.83396686620843,1.2585365853658563,49.0,38.9341085271317,191.898,0.19262704721328458,0.004,0.38379599999999997,False,False
G11C,strong_site,112,G,C,-3.8292428600852375,0.01,0.01,0.01,0.010787043727850958,0.01,49.0,4900.0,189.852,0.18255908190450532,0.002,0.379704,False,False
G11T,strong_site,112,G,T,-4.226863279558835,0.01,0.01,0.01,0.01,0.01,49.0,4900.0,190.042,0.1816175629258435,0.002,0.380084,False,False
G12A,strong_site,113,G,A,-4.653206100888383,0.01,0.01,0.01,0.01,0.01,49.0,4900.0,190.226,0.18173731340867982,0.002,0.380452,False,False
G12C,strong_site,113,G,C,0.0,2.4,2.4,1.065816203038101,5.404308907653273,2.4,49.0,20.416666666666668,195.198,0.18227546722014662,0.0,0.390396,False,False
G12T,strong_site,113,G,T,-0.39762041947359705,1.2585365853658563,0.6599643069601456,0.5589036186663225,2.83396686620843,1.2585365853658563,49.0,38.9341085271317,193.606,0.19548875642083618,0.004,0.387212,False,False
T13A,strong_site,114,T,A,-4.255585681414786,0.01,0.01,0.01,0.01,0.01,49.0,4900.0,191.164,0.18537040151795206,0.002,0.382328,False,False
T13C,strong_site,114,T,C,0.39762041947359705,4.5767441860465015,8.727744726879356,2.032486712770328,10.305891405292266,4.5767441860465015,49.0,10.706300813008154,204.33,0.17658051935168462,0.002,0.40866,False,False
T13G,strong_site,114,T,G,0.39762041947359705,4.5767441860465015,8.727744726879356,2.032486712770328,10.305891405292266,4.5767441860465015,49.0,10.706300813008154,204.93,0.1759851763894968,0.002,0.40986,False,False
T14A,strong_site,115,T,A,3.8292428600852446,1202.4000000000008,53.719270285438554,533.9739177220891,2707.5587627342907,1202.4000000000008,49.0,0.040751829673985336,680.0,0.08833700766411692,0.0,1.36,False,True
T14C,strong_site,115,T,C,0.39762041947359705,4.5767441860465015,3.3142398897049685,2.032486712770328,10.305891405292266,4.5767441860465015,49.0,10.706300813008154,204.608,0.1763632135745745,0.002,0.409216,False,False
T14G,strong_site,115,T,G,4.226863279558842,2292.948837209299,74.18272851076804,1018.2758430979346,5163.251594051429,2292.948837209299,49.0,0.021369861902211865,791.836,0.08235141425446905,0.0,1.583672,False,True
C15A,strong_site,116,C,A,3.857965261941203,1259.7951219512295,54.9864373521594,559.4625222849922,2836.800833074654,1259.7951219512295,49.0,0.03889521331381766,691.41,0.0898025138953853,0.0,1.38282,False,True
C15G,strong_site,116,C,G,4.2555856814148,2402.400000000014,75.93260169387082,1066.8820192411451,5409.713216560957,2402.400000000014,49.0,0.020396270396270275,797.638,0.08164468898165336,0.0,1.5952760000000001,False,True
C15T,strong_site,116,C,T,3.857965261941203,1259.7951219512295,54.9864373521594,559.4625222849922,2836.800833074654,1259.7951219512295,49.0,0.03889521331381766,690.484,0.0894489785560186,0.0,1.380968,False,True
T16A,strong_site,117,T,A,0.0,2.4,2.4,1.065816203038101,5.404308907653273,2.4,49.0,20.416666666666668,194.742,0.17757143825988378,0.002,0.389484,False,False
T16C,strong_site,117,T,C,0.39762041947360416,4.576744186046554,3.314239889704988,2.0324867127703516,10.305891405292385,4.576744186046554,49.0,10.706300813008031,205.25,0.17430485932663306,0.002,0.4105,False,False
T16G,strong_site,117,T,G,-3.857965261941196,0.01,0.10475310417203869,0.01,0.010295595809482838,0.01,49.0,4900.0,190.632,0.19079982100463674,0.004,0.381264,False,False
G17A,strong_site,118,G,A,-0.39762041947359705,1.2585365853658563,0.6599643069601456,0.5589036186663225,2.83396686620843,1.2585365853658563,49.0,38.9341085271317,193.542,0.19016019713547666,0.004,0.387084,False,False
G17C,strong_site,118,G,C,-4.2555856814148,0.01,0.01,0.01,0.01,0.01,49.0,4900.0,191.348,0.19549015033453035,0.004,0.38269600000000004,False,False
G17T,strong_site,118,G,T,-0.39762041947359705,1.2585365853658563,0.6599643069601456,0.5589036186663225,2.83396686620843,1.2585365853658563,49.0,38.9341085271317,193.774,0.19049780908850247,0.004,0.387548,False,False
C18A,strong_site,119,C,A,-0.39762041947359705,1.2585365853658563,0.6599643069601456,0.5589036186663225,2.83396686620843,1.2585365853658563,49.0,38.9341085271317,194.294,0.18917484347811875,0.004,0.38858800000000004,False,False
C18G,strong_site,119,C,G,-3.8292428600852446,0.01,0.01,0.01,0.010787043727850835,0.01,49.0,4900.0,190.816,0.19580448917437324,0.004,0.381632,False,False
C18T,strong_site,119,C,T,-4.226863279558842,0.01,0.01,0.01,0.01,0.01,49.0,4900.0,190.6,0.1966884012879465,0.006,0.3812,False,False
C19A,strong_site,120,C,A,-0.39762041947359705,1.2585365853658563,0.6599643069601456,0.5589036186663225,2.83396686620843,1.2585365853658563,49.0,38.9341085271317,195.304,0.18809880719129965,0.004,0.390608,False,False
C19G,strong_site,120,C,G,0.0,2.4,2.4,1.065816203038101,5.404308907653273,2.4,49.0,20.416666666666668,195.65,0.18205035908027278,0.006,0.39130000000000004,False,False
C19T,strong_site,120,C,T,-4.653206100888397,0.01,0.01,0.01,0.01,0.01,49.0,4900.0,190.476,0.19634224519907717,0.006,0.380952,False,False
G20A,strong_site,121,G,A,-4.226863279558842,0.01,0.01,0.01,0.01,0.01,49.0,4900.0,190.728,0.1981899201039737,0.006,0.381456,False,False
G20C,strong_site,121,G,C,0.0,2.4,2.4,1.065816203038101,5.404308907653273,2.4,49.0,20.416666666666668,195.022,0.18779439220961258,0.006,0.390044,False,False
G20T,strong_site,121,G,T,-4.226863279558842,0.01,0.01,0.01,0.01,0.01,49.0,4900.0,190.722,0.1968376804707477,0.006,0.381444,False,False
C21A,strong_site,122,C,A,-0.39762041947359705,1.2585365853658563,1.737955064113585,0.5589036186663225,2.83396686620843,1.2585365853658563,49.0,38.9341085271317,195.354,0.1860677241770378,0.004,0.390708,False,False
C21G,strong_site,122,C,G,0.0,2.4,2.4,1.065816203038101,5.404308907653273,2.4,49.0,20.416666666666668,195.578,0.18783279819661022,0.006,0.391156,False,False
C21T,strong_site,122,C,T,-4.653206100888397,0.01,0.05493150584631278,0.01,0.01,0.01,49.0,4900.0,190.96,0.196700067001126,0.008,0.38192000000000004,False,False
G1A,weak_site,0,G,A,3.857965261941203,25720.817073170936,1122.6397626065877,11422.35982998526,57918.017008607516,2.4,25720.817073170936,10717.007113821224,334.928,0.15163174894214412,0.0,0.669856,False,False
G1C,weak_site,0,G,C,4.2555856814148,49049.0000000003,1550.2906179165295,21782.174559506715,110448.31150478622,2.4,49049.0000000003,20437.08333333346,336.138,0.1474077354319504,0.0,0.672276,False,False
G1T,weak_site,0,G,T,3.857965261941203,25720.817073170936,1122.6397626065877,11422.35982998526,57918.017008607516,2.4,25720.817073170936,10717.007113821224,335.486,0.15012376525016838,0.0,0.670972,False,False
C2A,weak_site,1,C,A,-0.39762041947359705,25.69512195121957,35.483249225652365,11.410948881104085,57.86015685175545,2.4,25.69512195121957,10.706300813008154,192.308,0.19205120383758204,0.004,0.38461599999999996,False,False
C2G,weak_site,1,C,G,0.0,49.0,49.0,21.760414145361235,110.33797353125432,2.4,49.0,20.416666666666668,196.316,0.1881489995357681,0.006,0.392632,False,False
C2T,weak_site,1,C,T,-4.65320610088839,0.025669452498721004,1.1215182443622258,0.011399549331772387,0.05780235449725853,2.4,0.025669452498721004,0.01069560520780042,173.168,0.19173843581805414,0.022,0.34633600000000003,False,True
C3A,weak_site,2,C,A,-0.39762041947359705,25.69512195121957,13.474271267102974,11.410948881104085,57.86015685175545,2.4,25.69512195121957,10.706300813008154,191.832,0.18730168812169887,0.004,0.383664,False,False
C3G,weak_site,2,C,G,0.0,49.0,49.0,21.760414145361235,110.33797353125432,2.4,49.0,20.416666666666668,195.496,0.1896737108410859,0.006,0.390992,False,False
C3T,weak_site,2,C,T,-4.65320610088839,0.025669452498721004,0.01,0.011399549331772387,0.05780235449725853,2.4,0.025669452498721004,0.01069560520780042,173.366,0.1934151373010728,0.02,0.34673200000000004,False,True
C4A,weak_site,3,C,A,-0.39762041947359705,25.69512195121957,13.474271267102974,11.410948881104085,57.86015685175545,2.4,25.69512195121957,10.706300813008154,191.892,0.1862286410545752,0.002,0.383784,False,False
C4G,weak_site,3,C,G,-4.255585681414793,0.048951048951049216,0.01,0.02173867546989147,0.11022774578546952,2.4,0.048951048951049216,0.020396270396270507,171.734,0.1994788252565306,0.024,0.343468,False,True
C4T,weak_site,3,C,T,-0.39762041947359705,25.69512195121957,13.474271267102974,11.410948881104085,57.86015685175545,2.4,25.69512195121957,10.706300813008154,191.802,0.185165071559939,0.0,0.383604,False,False
C5A,weak_site,4,C,A,-0.39762041947359705,25.69512195121957,13.474271267102974,11.410948881104085,57.86015685175545,2.4,25.69512195121957,10.706300813008154,191.878,0.1862190496559167,0.0,0.383756,False,False
C5G,weak_site,4,C,G,0.0,49.0,49.0,21.760414145361235,110.33797353125432,2.4,49.0,20.416666666666668,195.21,0.18702905496670047,0.006,0.39042,False,False
C5T,weak_site,4,C,T,-4.65320610088839,0.025669452498721004,0.01,0.011399549331772387,0.05780235449725853,2.4,0.025669452498721004,0.01069560520780042,173.76,0.19754638308396963,0.022,0.34752,True,True
G6A,weak_site,5,G,A,-0.39762041947359705,25.69512195121957,13.474271267102974,11.410948881104085,57.86015685175545,2.4,25.69512195121957,10.706300813008154,191.504,0.18395408688082363,0.0,0.38300799999999996,False,False
G6C,weak_site,5,G,C,-4.255585681414793,0.048951048951049216,0.01,0.02173867546989147,0.11022774578546952,2.4,0.048951048951049216,0.020396270396270507,171.244,0.20353755902142517,0.03,0.342488,False,True
G6T,weak_site,5,G,T,-0.39762041947359705,25.69512195121957,13.474271267102974,11.410948881104085,57.86015685175545,2.4,25.69512195121957,10.706300813008154,190.588,0.18534703002307595,0.0,0.381176,False,False
C7A,weak_site,6,C,A,3.4316224406116476,12873.256097561007,794.2226065659988,5716.885389433151,28987.938582729483,2.4,12873.256097561007,5363.856707317086,329.656,0.15719169921494755,0.0,0.659312,False,False
C7G,weak_site,6,C,G,3.8292428600852446,24549.00000000002,1096.7684349943706,10901.967486825988,55279.32473915844,2.4,24549.00000000002,10228.750000000007,333.95,0.15321877120739882,0.0,0.6678999999999999,False,False
C7T,weak_site,6,C,T,-0.39762041947359705,25.69512195121957,35.483249225652365,11.410948881104085,57.86015685175545,2.4,25.69512195121957,10.706300813008154,189.91,0.18565857746882866,0.0,0.37982,False,False
G8A,weak_site,7,G,A,-4.226863279558835,0.05128766856530907,1.585274663804397,0.022776345072064295,0.1154893350334453,2.4,0.05128766856530907,0.021369861902212114,170.766,0.20284335854322164,0.032,0.341532,False,True
G8C,weak_site,7,G,C,0.0,49.0,49.0,21.760414145361235,110.33797353125432,2.4,49.0,20.416666666666668,195.348,0.18934324177140718,0.006,0.39069600000000004,False,False
G8T,weak_site,7,G,T,-4.226863279558835,0.05128766856530907,1.585274663804397,0.022776345072064295,0.1154893350334453,2.4,0.05128766856530907,0.021369861902212114,171.268,0.20334075296621287,0.032,0.342536,False,True
C9A,weak_site,8,C,A,-4.226863279558835,0.05128766856530907,0.01,0.022776345072064295,0.1154893350334453,2.4,0.05128766856530907,0.021369861902212114,171.386,0.20303220219250154,0.032,0.34277199999999997,False,True
C9G,weak_site,8,C,G,0.0,49.0,49.0,21.760414145361235,110.33797353125432,2.4,49.0,20.416666666666668,195.432,0.1902061486479355,0.006,0.390864,False,False
C9T,weak_site,8,C,T,-4.226863279558835,0.05128766856530907,0.01,0.022776345072064295,0.1154893350334453,2.4,0.05128766856530907,0.021369861902212114,171.21,0.2026649643132871,0.034,0.34242,False,True
T10A,weak_site,9,T,A,0.0,49.0,49.0,21.760414145361235,110.33797353125432,2.4,49.0,20.416666666666668,195.504,0.19167907319919086,0.006,0.39100799999999997,False,False
T10C,weak_site,9,T,C,0.39762041947359705,93.44186046511608,178.19145484045353,41.496603719060865,210.4119495247171,2.4,93.44186046511608,38.9341085271317,207.77,0.17295617697934423,0.0,0.41554,False,False
T10G,weak_site,9,T,G,-3.857965261941189,0.09334851195316453,0.01,0.0414551485704911,0.21020174777694373,2.4,0.09334851195316453,0.03889521331381855,172.814,0.20148229967648135,0.024,0.345628,True,True
A11C,weak_site,10,A,C,-3.4316224406116405,0.1865106995311719,0.01,0.08282755233345576,0.41998393118706456,2.4,0.1865106995311719,0.07771279147132162,170.634,0.20308102236458309,0.026,0.34126799999999996,False,True
A11G,weak_site,10,A,G,0.39762041947359705,93.44186046511608,178.19145484045353,41.496603719060865,210.4119495247171,2.4,93.44186046511608,38.9341085271317,207.956,0.17379280629069868,0.0,0.415912,False,False
A11T,weak_site,10,A,T,-3.8292428600852375,0.09780439121756594,0.01,0.04343396036998299,0.2202354761102904,2.4,0.09780439121756594,0.04075182967398581,170.97,0.20375313506115972,0.03,0.34194,False,True
T12A,weak_site,11,T,A,-4.255585681414793,0.048951048951049216,0.01,0.02173867546989147,0.11022774578546952,2.4,0.048951048951049216,0.020396270396270507,170.074,0.19974625797292245,0.03,0.340148,False,True
T12C,weak_site,11,T,C,0.39762041947359705,93.44186046511608,178.19145484045353,41.496603719060865,210.4119495247171,2.4,93.44186046511608,38.9341085271317,207.246,0.1729794218743512,0.0,0.414492,False,False
T12G,weak_site,11,T,G,0.39762041947359705,93.44186046511608,178.19145484045353,41.496603719060865,210.4119495247171,2.4,93.44186046511608,38.9341085271317,207.086,0.1733200664737752,0.0,0.41417200000000004,False,False
A13C,weak_site,12,A,C,4.653206100888397,93535.3023255817,1000000.0,41538.10032278016,210622.36147424308,2.4,93535.3023255817,38973.04263565904,334.032,0.15539156395428694,0.0,0.668064,False,False
A13G,weak_site,12,A,G,4.653206100888397,93535.3023255817,1000000.0,41538.10032278016,210622.36147424308,2.4,93535.3023255817,38973.04263565904,334.384,0.15443857433254685,0.0,0.668768,False,False
A13T,weak_site,12,A,T,4.2555856814148,49049.0000000003,1000000.0,21782.174559506715,110448.31150478622,2.4,49049.0000000003,20437.08333333346,333.758,0.15397457342326165,0.0,0.667516,False,False
G14A,weak_site,13,G,A,-0.39762041947359705,25.69512195121957,35.483249225652365,11.410948881104085,57.86015685175545,2.4,25.69512195121957,10.706300813008154,192.536,0.19390302571595067,0.002,0.385072,False,False
G14C,weak_site,13,G,C,-3.8292428600852446,0.0978043912175648,2.189158552882974,0.04343396036998249,0.2202354761102879,2.4,0.0978043912175648,0.040751829673985336,170.66,0.20866481798337558,0.03,0.34132,False,True
G14T,weak_site,13,G,T,-4.226863279558842,0.051287668565308475,1.585274663804388,0.022776345072064032,0.11548933503344398,2.4,0.051287668565308475,0.021369861902211865,170.544,0.2022681673339128,0.034,0.341088,False,True
G15A,weak_site,14,G,A,-0.39762041947359705,25.69512195121957,35.483249225652365,11.410948881104085,57.86015685175545,2.4,25.69512195121957,10.706300813008154,191.868,0.19390254466848683,0.002,0.38373599999999997,False,False
G15C,weak_site,14,G,C,-4.255585681414793,0.048951048951049216,1.5487418760404883,0.02173867546989147,0.11022774578546952,2.4,0.048951048951049216,0.020396270396270507,171.632,0.1937246848489422,0.024,0.343264,False,True
G15T,weak_site,14,G,T,-0.39762041947359705,25.69512195121957,35.483249225652365,11.410948881104085,57.86015685175545,2.4,25.69512195121957,10.706300813008154,191.968,0.1952178988000417,0.002,0.383936,False,False
A16C,weak_site,15,A,C,0.39762041947359705,93.44186046511608,67.66573108147645,41.496603719060865,210.4119495247171,2.4,93.44186046511608,38.9341085271317,207.858,0.17364703019503774,0.0,0.41571600000000003,False,False
A16G,weak_site,15,A,G,-3.857965261941196,0.09334851195316345,2.138709210179123,0.041455148570490624,0.21020174777694128,2.4,0.09334851195316345,0.0388952133138181,172.804,0.20683046075415737,0.024,0.345608,False,True
A16T,weak_site,15,A,T,0.0,49.0,49.0,21.760414145361235,110.33797353125432,2.4,49.0,20.416666666666668,195.532,0.1924397923100538,0.002,0.391064,False,False
T17A,weak_site,16,T,A,0.0,49.0,49.0,21.760414145361235,110.33797353125432,2.4,49.0,20.416666666666668,195.46,0.19164248044209165,0.002,0.39092,False,False
T17C,weak_site,16,T,C,-3.857965261941196,0.09334851195316345,0.01,0.041455148570490624,0.21020174777694128,2.4,0.09334851195316345,0.0388952133138181,172.018,0.20626839696658414,0.024,0.344036,False,True
T17G,weak_site,16,T,G,0.39762041947359705,93.44186046511608,178.19145484045353,41.496603719060865,210.4119495247171,2.4,93.44186046511608,38.9341085271317,207.462,0.17657795819368752,0.0,0.41492399999999996,False,False
A18C,weak_site,17,A,C,0.39762041947359705,93.44186046511608,178.19145484045353,41.496603719060865,210.4119495247171,2.4,93.44186046511608,38.9341085271317,207.05,0.176364262859464,0.0,0.4141,False,False
A18G,weak_site,17,A,G,-3.4316224406116476,0.18651069953116972,0.01,0.0828275523334548,0.41998393118705973,2.4,0.18651069953116972,0.07771279147132072,170.428,0.20656379194236787,0.03,0.340856,False,True
A18T,weak_site,17,A,T,-3.8292428600852446,0.0978043912175648,0.01,0.04343396036998249,0.2202354761102879,2.4,0.0978043912175648,0.040751829673985336,171.584,0.2051158943543628,0.028,0.34316800000000003,False,True
C19A,weak_site,18,C,A,-0.39762041947359705,25.69512195121957,13.474271267102974,11.410948881104085,57.86015685175545,2.4,25.69512195121957,10.706300813008154,189.906,0.19207191830035159,0.002,0.37981200000000004,False,False
C19G,weak_site,18,C,G,0.0,49.0,49.0,21.760414145361235,110.33797353125432,2.4,49.0,20.416666666666668,195.104,0.19084588807366903,0.004,0.390208,False,False
C19T,weak_site,18,C,T,-4.653206100888397,0.025669452498720706,0.01,0.011399549331772245,0.05780235449725786,2.4,0.025669452498720706,0.010695605207800295,172.684,0.20924135725731596,0.034,0.345368,True,True
T20A,weak_site,19,T,A,0.0,49.0,49.0,21.760414145361235,110.33797353125432,2.4,49.0,20.416666666666668,195.896,0.18892598722782858,0.004,0.391792,False,False
T20C,weak_site,19,T,C,4.226863279558842,46814.372093023194,1000000.0,20789.7984632495,105416.38671188334,2.4,46814.372093023194,19505.988372092997,337.642,0.15025737228520772,0.0,0.675284,False,False
T20G,weak_site,19,T,G,4.226863279558842,46814.372093023194,1000000.0,20789.7984632495,105416.38671188334,2.4,46814.372093023194,19505.988372092997,337.57,0.14908056490698882,0.0,0.67514,False,False
A21C,weak_site,20,A,C,0.39762041947359705,93.44186046511608,67.66573108147645,41.496603719060865,210.4119495247171,2.4,93.44186046511608,38.9341085271317,208.42,0.17519681738472986,0.002,0.41684,False,False
A21G,weak_site,20,A,G,0.39762041947359705,93.44186046511608,67.66573108147645,41.496603719060865,210.4119495247171,2.4,93.44186046511608,38.9341085271317,208.656,0.17643404407014207,0.002,0.417312,True,False
A21T,weak_site,20,A,T,-4.2555856814148,0.048951048951048654,1.5487418760404794,0.021738675469891215,0.11022774578546825,2.4,0.048951048951048654,0.020396270396270275,171.718,0.199249527305416,0.03,0.34343599999999996,False,True
WT,wild_type,-1,-,-,0.0,2.4,2.4,2.4,2.4,2.4,49.0,20.416666666666668,196.164,0.1972795815462816,0.008,0.39232799999999995,True,False
