generation,mean_fitness,best_fitness,mean_Kd_ratio,std_Kd_ratio,best_Kd_ratio,mean_cv,best_cv,mean_persister,diversity
0,1.046721,3.1545799999999997,24.756269775542716,46.864755029542714,1.7688654651377447,0.14003768674066,0.06695547261053846,0.07769999999999999,1.4026311570270957
1,1.6305002,3.1306100000000003,32.506099518605744,45.54727031000546,1.7688654651377447,0.10372639276630446,0.07265056087844456,0.0,1.499676078271439
2,2.2037254,3.2834899999999996,35.55793854489274,50.32551018606008,53.17344956321364,0.0847039393620443,0.06710953425634927,0.0,1.3894528700789797
3,2.5952978,3.5169099999999998,32.8998788496927,41.05444935279911,1.609783200712725,0.07862269622084504,0.06664260656797788,0.0,1.3835909247589189
4,3.0242679999999997,3.8085999999999998,44.47531910171446,80.68120804699295,333.83207276574007,0.07245394258619381,0.06099722499041151,0.0,1.638831181149916
5,3.3423006,3.9676199999999997,32.55955474790679,68.15813326036971,247.75423177242078,0.06999588616077201,0.06320480955221208,0.0,1.5925025657580325
6,3.5462356,4.03442,94.17939089312314,129.59358001728165,258.4964234433597,0.06704421556327039,0.06655084898989447,0.0,1.9711607559716307
7,3.6955968,4.03109,142.3375936329706,200.93778701562798,258.4964234433597,0.0650095454059676,0.06470723344172123,0.0,1.8295812883265412
8,3.822677999999999,4.01881,288.70939327298277,268.9525725011894,494.3733159425363,0.06447134386386084,0.0657857297642285,0.0,1.2513846481884794
9,3.851319,4.00722,315.0611979187627,302.7957649065821,365.8917546207752,0.06394699004110632,0.06045339945990987,0.0,1.2635453881275058
10,3.8164562,4.0197199999999995,343.2085458493832,276.5726126782554,459.020721206389,0.06369021903560364,0.059851716313388086,0.0,1.0834838175249324
11,3.855587,4.0283,320.48080822826716,251.55257400660875,51.38846527975543,0.06431131207029969,0.06386091613696217,0.0,1.0526481978225135
12,3.849021,4.02619,348.8729321102882,338.22128893922593,146.8489007621868,0.06301756425594274,0.06505174638786022,0.0,1.2462602520483137
13,3.8494163999999995,4.02415,580.1634119587292,931.9755923632947,1342.764918375791,0.06449604639891744,0.06110834789133024,0.0,1.5478963380505446
14,3.8659479999999995,4.04948,749.8536609714627,723.7602111717681,2686.644826483859,0.06257907159885055,0.06266736057343766,0.0,1.211785626190676
15,3.8854103999999996,4.0753699999999995,931.1062447179481,962.7613146266859,124.88257744317616,0.06333638443119476,0.05745377462291929,0.0,1.211537150570731
16,3.8613443999999997,4.03777,1117.630606361834,1390.7393268708454,2178.6061891828826,0.06352019263043414,0.05955906054011702,0.0,1.139261415974016
17,3.8651249999999995,4.04395,1489.833488077914,1860.6790294006446,2178.6061891828826,0.06280226449633608,0.0606702598656094,0.0,1.237861695351163
18,3.8563441999999997,4.04208,1477.832512114033,1337.5885120862588,147.43498856225924,0.06338994803005311,0.061553757595931846,0.0,1.1962339923212844
19,3.8762838000000004,4.05756,1919.444547442306,1621.1524402605382,3839.6733064141777,0.06322559672511947,0.0629279530295623,0.0,1.302524354327688
20,3.8783999999999996,4.04583,2095.7658367549984,1727.5500431343412,6578.293953010627,0.06485559864002012,0.06700124257342505,0.0,1.5103940464108214
21,3.8718582,4.04658,2756.2584979160415,1758.784706660461,1997.2582742145455,0.06389996172371358,0.06402312662190975,0.0,1.0524130474166917
22,3.9183904000000003,4.03739,3238.8725055252935,2069.745714479552,7417.893704869374,0.06214827751530797,0.058431285568853346,0.0,0.8412048206206781
23,3.9009278,4.04145,3489.984043824555,2084.479103213017,3088.054041376482,0.06424486518081568,0.06181706336293835,0.0,0.7449627344666467
24,3.8930465999999995,4.06158,3871.2074709573735,2219.052678556007,3315.6290698086646,0.06471342403225042,0.0665202591103594,0.0,0.5566361321919658
25,3.8861952000000004,4.05947,4454.392666628013,2315.2197215502265,5883.813057416393,0.06342330536852281,0.06302911328364594,0.0,0.535844502809947
26,3.843611,4.03773,3839.8829844794836,1783.983524126863,5883.813057416393,0.06330781350079141,0.05897462839516816,0.0,0.4936365123706039
27,3.8624916,4.04787,3863.678559693697,2355.6865644946383,2267.247714159711,0.0645225713645501,0.0639333678744196,0.0,0.6517470062694304
28,3.8607664,4.04293,3826.0298703579865,2423.3634180187496,4410.592634270417,0.06370462340889671,0.0679474757878728,0.0,0.7272361724339826
29,3.8498951999999997,4.03475,3142.375072190579,2103.4627828307043,1595.6534962629448,0.06311072425492473,0.06087796346943481,0.0,0.7584510191375243
30,3.8768550000000004,4.04776,3352.2214115365696,2240.9956922292777,6116.514610307307,0.06314372158644758,0.06001576307273971,0.0,0.7788798595476099
31,3.8707815999999995,4.04957,3593.336311718975,2255.537157573578,4110.351354134807,0.06252225214280642,0.05767181263444068,0.0,0.7893275652672901
32,3.861028,4.0704,4167.390404124421,2560.5321427288327,4977.151079768512,0.06334980654334658,0.06386873932461523,0.0,0.7828442686629388
33,3.8580071999999994,4.04945,4685.444122748683,2388.887591205085,5235.230607240335,0.06303419266395124,0.062498336516659314,0.0,0.7531854253692642
34,3.8975707999999996,4.05542,4473.776904273682,1937.5137278970328,5235.230607240335,0.06322643804442256,0.05957167893483993,0.0,0.5519574644135297
35,3.8624594,4.0448699999999995,4456.846613473766,1991.2925720358744,5235.230607240335,0.06340159332921941,0.06321245805789542,0.0,0.5220227401971742
36,3.8932486000000006,4.0455,4719.888902904225,2155.220373969239,6230.36729484423,0.06376570010684068,0.0674686977534358,0.0,0.5317991520742865
37,3.8800534000000004,4.03318,5329.55131586603,2247.8749516950234,6230.36729484423,0.06428700397458789,0.06216374632515167,0.0,0.5402422082123065
38,3.896772,4.05738,4214.332601895157,2146.1635945586286,893.0815213621678,0.06254599337257974,0.06476962477767537,0.0,0.6270994953504619
39,3.8604505999999996,4.03878,4852.285172813351,2527.2300086097025,4356.797822806189,0.06261558602236586,0.06402606164632921,0.0,0.6719075700086268
40,3.9034058,4.05777,4873.689720975829,3041.928465123313,9855.258949187591,0.06299314860224581,0.06449504321113719,0.0,0.8699948951717891
41,3.9194448,4.0541,5346.568525819695,3352.692084519423,3343.168415349141,0.06180336932536059,0.05763684842052416,0.0,0.9096032983384037
42,3.8931104,4.03556,4379.482846833332,3478.10007517262,3392.9100977989647,0.06280621752340884,0.06126413566591174,0.0,1.1184494916611682
43,3.9031944000000003,4.0422,5075.9015171267865,3389.293710771885,10000.0,0.06324367858914376,0.0666083611677086,0.0,1.0400171249373416
44,3.8787125999999996,4.0701,5034.073583565181,3331.862725614461,8739.60167902676,0.06329323772318692,0.062332075009587484,0.0,1.1030580988976986
45,3.9024099999999997,4.04529,6026.9912114638455,3155.576368633474,525.5243295285776,0.06270824248820561,0.06540456712845018,0.0,0.8863005506795707
46,3.9063544,4.03721,4866.004438635007,3057.593961503613,10000.0,0.06294508885350764,0.06592004580520479,0.0,1.0913258065706763
47,3.9294896,4.0491399999999995,5150.91013870812,3214.011504140253,8409.69077747929,0.0627304587293046,0.0666186719612211,0.0,1.0553238813470145
48,3.9043111999999995,4.04299,6104.7736048491815,2796.087638380184,4579.511910983951,0.06369354789349041,0.0611831276571559,0.0,0.8793924686820036
49,3.8971766000000003,4.03803,5689.542618920686,2246.2574742642055,7047.363834631176,0.06425194230470481,0.06413912246036056,0.0,0.5783762841908727
50,3.8789666,4.05501,6274.740774663913,2231.4365255257894,5408.885057999522,0.06296209528628767,0.0658825427262704,0.0,0.5403413038445667
51,3.8801928000000006,4.04871,5492.771980436463,2227.0222867168327,5408.885057999522,0.06154693208668009,0.06304550954780883,0.0,0.6132531633791494
52,3.8829369999999996,4.04411,4866.695948827409,2001.995519974486,6847.433794740827,0.0627808474325885,0.061854942882997005,0.0,0.6867091072352236
53,3.8665984000000004,4.06026,5088.337966067505,2069.0024624292855,2605.0301526395046,0.06258671181795025,0.06155608869444352,0.0,0.5641033716083302
54,3.9052538000000006,4.05317,4795.618819026583,2089.573152377324,8330.662571031524,0.06332813232617122,0.06438017777494155,0.0,0.6147057469557027
55,3.9072654,4.06569,5040.566908281956,2472.611694950167,8330.662571031524,0.06290078815830867,0.06357831188333025,0.0,0.6609998976745752
56,3.8880659999999994,4.0394,4416.4792516108355,2981.9107781992143,8330.662571031524,0.061851317080998156,0.06266757534897233,0.0,0.7887124774371728
57,3.8985559999999997,4.05702,4458.20381325124,2739.7668133387187,680.4669327560198,0.06303095969766509,0.06304212430044155,0.0,0.8227535938348973
58,3.8500972,4.04478,3704.551082397455,2682.479305974553,2963.368824363957,0.06488311500691663,0.06120791736377853,0.0,0.8895736511416756
59,3.8531121999999995,4.0513699999999995,3383.4249265618373,2420.0816512816373,5814.08888985453,0.06412715061617667,0.06509348710777946,0.0,0.9579702522999061
60,3.8618509999999997,4.0316399999999994,3341.230929500062,2505.1522742269153,1107.7637284620898,0.06334214554134153,0.05732649215153955,0.0,1.0682845564818875
61,3.8495804000000002,4.0473099999999995,3464.113173470585,2789.9598896733746,3611.9804514183693,0.06349220366828778,0.06606211848572108,0.0,0.9235735266162236
62,3.8374338,4.04537,3969.2959800138983,2765.7594695153166,4114.4691209194525,0.06333949008827953,0.06560914587058288,0.0,0.8107520583342901
63,3.905327,4.03115,3358.263249815277,2565.007705364262,4114.4691209194525,0.0633018972132802,0.059429525564032054,0.0,1.007720250431549
64,3.902733799999999,4.07583,3783.22313736079,2871.1328216858783,3893.8627508695645,0.06311750652700483,0.06053540748471561,0.0,1.0031265182312112
65,3.8757599999999996,4.03132,4368.175592197555,2787.9161028269987,4114.4691209194525,0.06359043512696512,0.06011802138544045,0.0,0.9198104531690015
66,3.8797552,4.04333,4687.43633808179,2978.881496682457,4114.4691209194525,0.06289722327886077,0.06693876244242018,0.0,1.1006663996112398
67,3.8625567999999997,4.04432,3267.641540505763,2083.9173837296753,3680.148068089791,0.06416693339059903,0.06093730604064853,0.0,0.9199523714906926
68,3.8630877999999997,4.05503,2702.6433823773127,2409.5977764789013,7481.4736492553475,0.06283550568680382,0.0625676167184788,0.0,1.1578324913520373
69,3.8671708000000002,4.04148,3616.9024292539953,2671.284366296702,6817.480081428251,0.06317937673885356,0.06359206300803737,0.0,1.0822360090561072
70,3.93049,4.03912,3917.393365952241,2694.6493056663708,5237.849051860988,0.0637041804292507,0.059380524028970524,0.0,1.0467729436098403
71,3.9261794000000005,4.05821,3510.7255286714585,2198.1129165242487,2362.2489519068376,0.06433259940219706,0.06635116634586206,0.0,1.0550857009106867
72,3.8834952,4.05244,3944.49796317403,2532.205440958852,3169.208064809425,0.06226016887412042,0.05861012689853867,0.0,0.8277339099508028
73,3.8519904,4.0394,3324.9348257402094,2139.2649993254363,1582.9845222312408,0.06334078975245606,0.05608396499551203,0.0,0.7655593240603923
74,3.8319468000000008,4.03307,3500.0929599590468,2470.163195340465,5569.8180021943035,0.06409874441130464,0.05957679481977086,0.0,0.8701667087634934
75,3.8673611999999995,4.03979,3683.59469902152,2484.681047893395,10000.0,0.06415849103089553,0.06266516945231212,0.0,0.6879291970288404
76,3.8987444,4.05056,4200.613734243908,2679.736879320632,5569.8180021943035,0.06340988711139434,0.059697739094755696,0.0,0.6771866325440112
77,3.8969412,4.06837,4872.050213483621,2944.475312248805,6096.811496980252,0.0633093833719271,0.06902706512596901,0.0,0.7070058513597111
78,3.8955982000000007,4.05265,5108.90731494799,2951.30299482619,2419.5344189292086,0.06356275341912995,0.06590235782686528,0.0,0.8642520662341638
79,3.9211240000000003,4.0363299999999995,3722.373624132963,2861.01566787389,3342.188447949685,0.06375141105480285,0.0635864420117154,0.0,0.9239925545765413
80,3.9167562,4.06393,3448.3010490047823,2693.499677313564,6510.572249301406,0.06236155511077945,0.06971570830429362,0.0,0.9087142937906519
81,3.889206,4.04683,3890.380131205783,2646.5657912783468,3164.083372627816,0.0636411475902271,0.06360449377906868,0.0,0.7853540403493818
82,3.9144162,4.046,3508.8923643575126,2193.916214855394,6247.659199258735,0.06305260453737191,0.06358519902282021,0.0,0.7779914192600872
83,3.8548251999999996,4.03697,3365.9358127568707,2263.518485277498,3510.521265019748,0.06453063578580757,0.06276964182476245,0.0,0.7636537385383125
84,3.8873404,4.04741,2940.832333230492,1699.7650365212514,6639.220462547783,0.06276470914747442,0.06657866606149,0.0,0.6685954763931212
85,3.895291,4.04033,2818.5019601244708,1707.9865597912617,2297.957082500177,0.06352878275924448,0.061709412645953476,0.0,0.6159868759963225
86,3.898387,4.04133,2944.1802147886374,1804.9181087928484,1119.9178088255394,0.06401526778334242,0.06367872614103329,0.0,0.5858906279041773
87,3.8971378,4.040179999999999,3001.673497714588,1890.81077198954,8377.888014690037,0.06339155632514064,0.06310611338435777,0.0,0.6110455792120899
88,3.8901900000000005,4.05141,2935.5479001926924,2122.5960656073944,10000.0,0.063951715176117,0.06706893611037257,0.0,0.7290526488828947
89,3.8609570000000004,4.056,3337.9816810092134,2899.4039080298235,1436.524354833664,0.0640521773468647,0.056358957583599205,0.0,0.9869114756809407
90,3.8520819999999993,4.05899,3214.256371710034,2553.61836405663,1386.4722200030853,0.06254977504546913,0.06315553256992729,0.0,0.7875648026128428
91,3.8527692,4.05262,3225.316479282497,2591.6280420120856,3945.4674238239913,0.06258138693960015,0.0628617475554058,0.0,0.8362780108747381
92,3.8391132000000003,4.04081,2814.974217450262,2196.534601541498,3945.4674238239913,0.06335077285520528,0.06040126118959689,0.0,0.818670745846303
93,3.8839565999999994,4.04426,2374.7658630837363,1725.6287455027868,456.740313715499,0.06391363172404557,0.05929903852087887,0.0,0.7573057043193032
94,3.8760176,4.0524000000000004,1933.0078385164788,1228.2928803848731,1815.941754683626,0.06283613846690568,0.06452731943003943,0.0,0.7374433327568234
95,3.8711174,4.04311,1942.8762219995842,1098.2948428964792,1609.421380987729,0.06356209139453135,0.06558589187023044,0.0,0.6578193229179423
96,3.8673106,4.0427800000000005,1548.7512190359657,979.1420407824185,1120.361754093324,0.06372808479159427,0.0641562322130908,0.0,0.6736978075101767
97,3.8731526,4.04533,1565.1798804388675,1271.3028758713351,1640.7898115405608,0.0625917031669409,0.05966371250389285,0.0,0.7235361546827473
98,3.8957374000000002,4.05939,1656.66259943957,1270.680746584095,2155.533411570862,0.06291096189249074,0.0616785821098132,0.0,0.7094104188478717
99,3.9182178000000003,4.05198,1719.379143422445,1078.9627064314416,2155.533411570862,0.06428888792251175,0.06724059988408401,0.0,0.76053233345708
