sample_idx,omega,dG_spacer,coop_factor,Kd_strong_eff,Kd_weak_eff,Kd_sym_eff,cv_asym,cv_sym,delta_cv
0,35.78669397150469,2.1614285676385956,1.0709998438716906,2.320448342608502,47.375820328256914,10.48490075110022,0.18750572388370315,0.15573095304055176,0.03177477084315139
1,1.5469727000231575,0.3695280714012037,0.8490709519865679,2.6133094498078924,53.355067933577814,11.808187973857843,0.18604871584609264,0.15474530435253034,0.031303411493562305
2,0.32763486098373545,-1.0336613326404722,1.7546121762516664,1.883911816093474,38.46319957857509,8.512418937695628,0.18389731500863885,0.16031609827465088,0.02358121673398797
3,0.4299628963583432,-1.3740541897641378,4.001461735059701,1.4998904099184385,30.622762535834788,6.777225675208717,0.19077412069553368,0.16339972722034715,0.027374393475186526
4,0.5693229720023294,-0.5384993222025314,1.3646833107836427,2.079324888432118,42.45288313882241,9.39538910829422,0.192263044176091,0.15871210367148975,0.03355094050460125
5,0.4306341920149708,-0.4376904365628214,0.8764064926542289,2.5692276472824345,52.45506446534971,11.60900520563062,0.185285059470681,0.1519414461216696,0.0333436133490114
6,8.17234320622644,1.0622546188442672,1.4567856092721219,2.0237313660721674,41.31784872397343,9.14419085766094,0.1911563612934392,0.15841650045981048,0.0327398608336287
7,8.55357929123078,1.3522633046149675,0.9521909111735228,2.460251474697512,50.23013427507421,11.116598487149986,0.18043418010923715,0.15416600663577815,0.026268173473459
8,0.14348196021148651,-1.6757619050978732,2.1792466238751698,1.750649011843433,35.742417325136756,7.910273545911435,0.19674175658225196,0.1603016528193988,0.03644010376285317
9,0.3002473983483683,-0.8784413714451382,1.249773278721167,2.160174153529592,44.10355563456251,9.760704941782452,0.18979022837840445,0.15631006865614358,0.03348015972226087
10,1.736454945581142,0.2523791393151028,1.1527141569832116,2.241021308474723,45.75418504802559,10.126011240588316,0.18761974637501305,0.1609550183810103,0.02666472799400274
11,1.252818892636214,0.23648165383874675,0.8534047352895401,2.6061323430468994,53.20853533720753,11.77575835640535,0.18555414861733097,0.1511766211696689,0.034377527447662065
12,2.8472091492793368,0.7617898754045556,0.8266343372037209,2.6516696754447358,54.13825587366336,11.981517908080804,0.18779297081318283,0.15497376147580472,0.032819209337378114
13,0.7502190258127385,-0.3570210960231721,1.3393947707687122,2.095927045699372,42.79184384969551,9.470405633335943,0.18934021494902778,0.15479386420759364,0.03454635074143414
14,0.13480125404555865,-1.35802130834598,1.2222991563895607,2.181756384046416,44.54419284094766,9.858223831042398,0.19569374325391686,0.15909204543002523,0.03660169782389164
15,0.22642669771722987,-0.8229587846849736,0.861313355562349,2.5932211688700955,52.944932197764444,11.717419466744147,0.18783643945187226,0.1506858616604187,0.03715057779145356
16,3.968491999754286,0.8068382095422835,1.0709221430010891,2.3205296368578114,47.37748008584699,10.485268077586225,0.1882712661217765,0.15719911802422723,0.031072148097549268
17,1.4061663976415637,0.3380848798827854,0.812208103498034,2.6774538629100304,54.664683034413116,12.098023258170809,0.1879001128704096,0.15826592167929587,0.02963419119111374
18,0.054228391004106355,-1.7550207617022409,0.9367374388686445,2.4810419976907445,50.6546074528527,11.210540061347007,0.1856875827501125,0.15695131991017183,0.028736262839940657
19,5.760823418881975,1.372564224321525,0.6205080024423063,3.133899313589551,63.98377765245335,14.160463158593721,0.1806492539694604,0.1545944620430661,0.026054791926394316
20,1.5704141861636896,0.4217076668609146,0.7919283860312764,2.715288530082576,55.43714082251927,12.268978466684143,0.1892900482811803,0.15714120591125763,0.03214884236992266
21,3.7730839820017397,0.5383443212875159,1.5744634523104981,1.9621644047939126,40.06085659787572,8.866001739335783,0.18915328396039785,0.15844750332445706,0.030705780635940788
22,1.361620570731023,0.15318547167579943,1.0618214273850264,2.3301335319209646,47.573559610053024,10.528663090830925,0.18410448806125634,0.15587181060960512,0.028232677451651228
23,0.42431283637632794,-0.6549534652870628,1.2287576942179996,2.176596122772357,44.43883750660229,9.834907290736469,0.19188709481151292,0.15936922371858375,0.03251787109292917
24,3.8273455048908924,0.8220212135343352,1.0076858543583425,2.3908473209283225,48.81313280228659,10.802997166826682,0.1879621348198345,0.1596006155026126,0.028361519317221917
25,0.5142713938526905,-0.3795181870276775,0.952301883517621,2.460104616791715,50.22713592616418,11.115934912556007,0.1785451761598637,0.15517922812366433,0.023365948036199374
26,0.27211924023931716,-0.5984195156950893,0.7189184428317813,2.869174037702057,58.578969936417,12.964307142955885,0.1833476418786774,0.157636021853475,0.025711620025202386
27,2.556155728914237,0.4002153099831977,1.3347882167604217,2.09901902409091,42.854971741856076,9.484376677622745,0.19071969355926827,0.160868005294334,0.029851688264934256
28,1.1479018692560778,0.08883356330841541,0.9937381485055475,2.4075615712294463,49.15438207926786,10.878520182064044,0.1893553573232685,0.15632400371563085,0.03303135360763765
29,2.7985754133870753,0.41798473965174276,1.4198209949653855,2.0451769654450387,41.7556963778362,9.2410923817516,0.19224302269625884,0.15873745878701528,0.03350556390924356
30,0.8639728828138958,-0.4748151519452205,1.8675500958750628,1.8425530445745424,37.61879132673024,8.32554013216447,0.19449246356304312,0.1626464345406123,0.031846029022430805
31,0.19960993200326746,-1.0856974104473465,1.1632193692919843,2.231619685571779,45.562235247090484,10.083530190169487,0.19410430435006573,0.1575643335324913,0.03653997081757443
32,0.29042133579518775,-0.8108582700152227,1.0832545068039947,2.307772912517528,47.11703029723287,10.42762706651047,0.184771785281567,0.1554668720514899,0.029304913230077112
33,1.4400905640039787,-0.0894779123352154,1.665240286091547,1.9206167242185188,39.21259145279476,8.678269351903396,0.1872974817530969,0.16354757793046343,0.023749903822633478
34,2.8235366725905555,0.29972244522409963,1.7356884397430519,1.8913683196378526,38.615436525939494,8.54611100408533,0.18871588646428902,0.16328050021361037,0.02543538625067865
35,0.3302440632657256,-0.7920491571912611,1.194745744951342,2.2043978018510306,45.006455121125214,9.960528637482827,0.1931212442313659,0.1572844456808979,0.03583679855046801
36,0.04094548913466564,-1.871206733021413,0.8541124524998349,2.6049672223930393,53.18474745719122,11.770493781368508,0.18309078604423434,0.15396281482751362,0.029127971216720727
37,0.25212027945221954,-0.9654843551002693,1.2087322242938177,2.1927757164752357,44.769170878036064,9.908014470522728,0.19018132639396657,0.1581782749947711,0.03200305139919546
38,0.017108308458894852,-2.641466854996897,1.246217957881197,2.1629134232989418,44.1594823923534,9.773082279012822,0.18984368486620004,0.15924990563614172,0.03059377923005832
39,2.9526714577139033,0.5066339918681755,1.29720571843087,2.1250653022494745,43.386749920926775,9.602066279418022,0.19141563528202052,0.1590550814255774,0.032360553856443125
40,0.047947628999335114,-2.132062604830199,1.5275470847133612,1.9855731662930545,40.5387854784832,8.971773773350886,0.18776054662747252,0.15749349274515453,0.030267053882317985
41,0.14123733518012996,-1.52832354849654,1.6885192849915442,1.9106818445405018,39.00975432603525,8.63337879110727,0.18472088035164133,0.161681335286888,0.023039545064753336
42,2.130243623619923,0.13594849399962197,1.7083534205170814,1.9024307649624315,38.84129478464965,8.59609644834749,0.1914278084442836,0.16153290325683306,0.029894905187450527
43,9.234442156198801,0.9574684489620053,1.9513717896102094,1.814952007807647,37.055270159406135,8.20082538380552,0.19562562207195866,0.16162206730347323,0.03400355476848543
44,6.4663162525680935,0.9404518603448084,1.4047012776788874,2.054274157123902,41.94143070794634,9.282197865599343,0.1914083349653002,0.1589081435736202,0.03250019139167998
45,12.932896560902021,1.2707123416428867,1.6435014686912115,1.9301484196151097,39.40719690047516,8.721338132357534,0.19363344411566555,0.15982501655327874,0.033808427562386806
46,13.343813020672536,1.4131615545919383,1.3456103066516805,2.0917886508955132,42.70735162245006,9.451706376821338,0.1853039666824019,0.15740345023748745,0.027900516444914453
47,6.947903282839489,0.994596497021869,1.382310795136897,2.0681115739106692,42.22394463400949,9.344721964497303,0.19519802811004794,0.1589552749359511,0.03624275317409684
48,2.0487891748472684,-0.6956088828018756,6.337847308126411,1.389338736271124,28.365665865535448,6.277700085788743,0.1934662133698069,0.16643100700112737,0.027035206368679537
49,0.06774074074057423,-1.8976487156500257,1.475034094185533,2.0135405172872303,41.10978556128096,9.09814370542853,0.19596604469750925,0.15852166345916108,0.03744438123834817
