rank,start,stop,strand,p_value,matched_sequence,nearest_gene,bovis_identity,bovis_position,bovis_strand,bovis_conserved,marinum_identity,marinum_position,marinum_strand,marinum_conserved,both_conserved
1,2207551,2207571,+,1.10e-11,GTTGTCCAAGCAATCGCGTAT,Rv1964,1.0,2203594,+,True,0.8095,594782,-,True,True
2,2207528,2207547,+,3.14e-11,TTTGCATTGCTATTTACCGA,Rv1964,1.0,2203571,+,True,0.8,4376545,-,True,True
3,2205431,2205450,-,4.79e-11,GTTATCGCCCGAATAATCCC,Rv1962A,1.0,2201474,-,True,0.8,5251043,-,True,True
4,366149,366168,+,1.46e-07,GTTATCCCCTAAAGAAACCC,Rv0304c,1.0,367195,+,True,0.75,3220158,-,False,False
5,302646,302665,+,3.02e-07,TGTTCATGGTTATCTCCTCA,Rv0251c,1.0,300970,+,True,0.8,607996,+,True,True
6,2656965,2656984,+,3.39e-07,GTGAGTTCTCGAAGAATCCC,Rv2378c,1.0,2629446,+,True,0.85,4554424,+,True,True
7,499662,499682,-,3.48e-07,CTTCTCTTAGAATTCGCTTAT,Rv0412c,1.0,500680,-,True,0.9048,863040,-,True,True
8,1568202,1568222,+,3.48e-07,CTTGTCGAAGTAATAGCTGTT,Rv1393c,1.0,1569289,+,True,0.9524,2655238,+,True,True
9,699843,699862,-,8.53e-07,GATTCATCGCTTTCTCCTGA,Rv0603,1.0,701087,-,True,0.8,3534928,+,True,True
10,2778302,2778321,-,9.21e-07,GTTGCCTCGTTATTTCCCGA,Rv2476c,1.0,2750875,-,True,0.8,3485760,+,True,True
11,737032,737051,-,9.48e-07,GCTCACGCTCGAAGAAGCCC,Rv0642c,1.0,738267,-,True,0.95,1188771,-,True,True
12,160623,160642,-,9.82e-07,CTTATCCCACGAACAATTCC,Rv0132c,1.0,160813,-,True,0.85,2904477,+,True,True
13,959388,959407,+,1.03e-06,ATTTCCTTGCGTTCTCCCGA,Rv0861c,1.0,960141,+,True,0.9,5723894,-,True,True
14,1105763,1105782,+,1.12e-06,GTTAGTTCGTCAAGAATCGC,Rv0988,1.0,1106241,+,True,0.8,33591,+,True,True
15,1896619,1896638,-,1.29e-06,GTTGCCGCACTAATAATCCC,Rv1671,1.0,1886423,-,True,0.8,1304004,-,True,True
16,2014686,2014705,-,1.29e-06,TTTGCATAGGTGTATACCGT,Rv1780,1.0,2009552,-,True,0.95,3245314,-,True,True
17,1474818,1474838,-,1.54e-06,GTTGTCTTTGCGACTGCACAT,Rvnr02,1.0,1477262,-,True,0.9524,5032489,+,True,True
18,1535379,1535399,+,1.54e-06,GTTGTCTCAGCCATCGTGGAT,Rv1363c,1.0,1537822,+,True,0.7619,414135,+,False,False
19,1627232,1627252,+,1.54e-06,GGTGTCCGAGTAATCGGGGTT,Rv1448c,1.0,1627987,+,True,0.9048,2710097,+,True,True
20,3286932,3286952,+,1.62e-06,GTTGTCCTCGGCACCGCGGAT,Rv2942,1.0,3247916,+,True,0.8571,3631894,+,True,True
21,3494503,3494522,-,1.64e-06,CTTGACTCACCAAGAATGCC,Rv3130c,1.0,3452686,-,True,0.8,4695456,-,True,True
22,55885,55905,+,1.84e-06,GTGATGTTTGCAATCGCGTTG,Rv0051,1.0,55874,+,True,0.8095,923011,+,True,True
23,56529,56549,+,1.84e-06,GTTGTTCTTGTACCCGTTGTT,Rv0051,1.0,56518,+,True,0.8095,2372348,+,True,True
24,2583182,2583201,-,2.03e-06,CGTAACGTTCGAATAATGCC,Rv2309A,0.95,2565187,-,True,0.75,510822,+,False,False
25,781651,781671,+,2.09e-06,GTGGTGTATGCACCCGCGTGT,Rv0682,1.0,783419,+,True,0.9048,1236697,+,True,True
26,3241543,3241563,+,2.17e-06,GCTGGCCTCGTATTCGCGTTT,Rv2927c,1.0,3202527,+,True,0.8571,2173771,-,True,True
27,485219,485238,-,2.21e-06,TCTGCATTGTGATATCCGGT,Rv0404,1.0,486236,-,True,0.85,5605560,-,True,True
28,996547,996566,-,2.32e-06,GATAACTGTCTGAGAATTCC,Rv0894,1.0,997011,-,True,0.75,218626,+,False,False
29,2517810,2517829,-,2.32e-06,GTTACCTCTTCGATGATCTC,Rv2244,1.0,2501368,-,True,0.95,4119088,-,True,True
30,4047378,4047397,-,2.49e-06,TCCGCATTGGTTTTCACCGA,Rv3604c,1.0,3995030,-,True,0.85,4703219,-,True,True
31,3367103,3367123,-,2.50e-06,GGTGACCAAGTAGTCGGGTTT,Rv3008,1.0,3328129,-,True,0.8095,1793024,+,True,True
32,424715,424734,-,2.80e-06,GTTCACTATTGACGAATTCG,Rv0354c,1.0,425744,-,True,0.85,764517,-,True,True
33,964501,964521,-,2.82e-06,GTTGGCCTTGCCACCGATTTG,Rv0867c,1.0,965200,-,True,0.8571,593705,+,True,True
34,3212037,3212057,+,2.85e-06,GATGTCCTTGTATTCGCGATA,Rv2901c,1.0,3172964,+,True,0.9524,2203350,-,True,True
35,2931762,2931782,-,2.92e-06,GCGGTGCTTGCCACCGCGTTT,Rv2604c,1.0,2903629,-,True,0.8571,2255139,+,True,True
36,45783,45802,+,3.04e-06,GTAAGAGCCTGAAGAATTCG,Rv0041,1.0,45766,+,True,1.0,57928,+,True,True
37,854264,854283,+,3.26e-06,GTTTCATTCCTGGTTACCGA,Rv0760c,1.0,856452,+,True,0.9,5832831,+,True,True
38,2207082,2207101,+,3.26e-06,ATTACATTGCAATTTATCCT,Rv1963c,1.0,2203125,+,True,0.75,3603501,+,False,False
39,2678048,2678067,+,3.36e-06,TATTCAGTGTCGATTACCGA,Rv2385,1.0,2650529,+,True,0.85,1460436,+,True,True
40,3856185,3856205,+,3.45e-06,GTTGCCGTCGAAATCGCTGAT,Rv3436c,1.0,3808299,+,True,0.9524,1337932,-,True,True
41,1418435,1418454,-,3.65e-06,CAGATCACTCCAAGAATTCC,Rv1268c,1.0,1420989,-,True,0.9,5114607,+,True,True
42,3245966,3245985,-,3.65e-06,GGGAGATCTCGAAGAATTCC,Rv2931,1.0,3206950,-,True,0.9,2169350,+,True,True
43,3478435,3478454,-,3.65e-06,GTTGTCGACGCGATAATTCC,Rv3109,1.0,3439394,-,True,0.8,1194988,+,True,True
44,787776,787795,+,3.80e-06,TGTGCATAGCTTTCCACCAA,Rv0687,1.0,789544,+,True,0.8,1242883,+,True,True
45,2786318,2786337,-,3.80e-06,TCTTCATTGTCGTCGCCCCT,Rv2481c,1.0,2757530,-,True,0.8,1395720,+,True,True
46,2010249,2010268,-,3.84e-06,GTTATCGCTTCAGCGAATCC,Rv1776c,1.0,2005115,-,True,0.8,1897897,+,True,True
47,2376050,2376069,-,3.84e-06,GGAAACTCTTAAAGAAGCCC,Rv2115c,1.0,2360885,-,True,1.0,3743810,-,True,True
48,72535,72555,+,3.98e-06,GTTGTCGAGTTCACCGGTTTT,Rv0066c,1.0,72561,+,True,0.9048,187878,+,True,True
49,591032,591052,+,3.98e-06,CTCCTCTTTGTAAGCGCGTGT,Rv0500,1.0,592182,+,True,0.8571,989409,+,True,True
50,2314261,2314281,+,4.14e-06,GGTGTCTTTGTAATCGACGCT,Rv2055c,1.0,2302584,+,True,0.7619,455736,+,False,False
